SiteNo,OverallRiskScore,NumberItemsAtThreshold,GeneratorScore,UPSScore,UtilityScore,CoolingScore,FireProtectionScore,OtherScore,SourceWorkbook,SourceSheet,SourceRowNumber,CalculationLayer,ValidationStatus
DAL01,3.2918260422393448,9,5.5555555555555554,4.9416342412451355,4.8413749414261193,1.9273127753303965,,,Flex Asset EOL and Site Risk Evaluation Tool Ver 3.0 3.6.25.xlsx,Output- Site Risk Scores,15,Transpose Actual Adj -> Output- Site Risk Scores,Valid
ABE01,2.7960253283848062,9,3.0617931436258927,2.3079766893294797,3.6337209302325584,0.86613987490129218,,,Flex Asset EOL and Site Risk Evaluation Tool Ver 3.0 3.6.25.xlsx,Output- Site Risk Scores,16,Transpose Actual Adj -> Output- Site Risk Scores,Valid
SLC10,2.4111184518805651,6,3.354206238251654,3.8285728763382481,1.5484151266751287,1.239706881193148,,,Flex Asset EOL and Site Risk Evaluation Tool Ver 3.0 3.6.25.xlsx,Output- Site Risk Scores,17,Transpose Actual Adj -> Output- Site Risk Scores,Valid
NAS01,2.3347899465217754,7,4.5361534382117554,1.7824502133590006,4.0697674418604652,2.1070625974630071,,,Flex Asset EOL and Site Risk Evaluation Tool Ver 3.0 3.6.25.xlsx,Output- Site Risk Scores,18,Transpose Actual Adj -> Output- Site Risk Scores,Valid
JAX02,2.296221754642759,8,1.5972222222222221,1.9455252918287937,3.6337209302325584,2.6651982378854626,,,Flex Asset EOL and Site Risk Evaluation Tool Ver 3.0 3.6.25.xlsx,Output- Site Risk Scores,19,Transpose Actual Adj -> Output- Site Risk Scores,Valid
CLT01,2.2810395551018696,4,5.3550354661007704,2.5795061194201221,2.1250602195755968,1.2692675014543842,,,Flex Asset EOL and Site Risk Evaluation Tool Ver 3.0 3.6.25.xlsx,Output- Site Risk Scores,20,Transpose Actual Adj -> Output- Site Risk Scores,Valid
NAS02,2.1917871810832299,8,1.432335479472082,1.9455252918287937,2.0348837209302326,3.0573175800376746,,,Flex Asset EOL and Site Risk Evaluation Tool Ver 3.0 3.6.25.xlsx,Output- Site Risk Scores,21,Transpose Actual Adj -> Output- Site Risk Scores,Valid
ATL02,2.1568763821641461,7,2.6383207309918486,1.8706695867759324,0.99637338733960434,2.4016998917236703,,,Flex Asset EOL and Site Risk Evaluation Tool Ver 3.0 3.6.25.xlsx,Output- Site Risk Scores,22,Transpose Actual Adj -> Output- Site Risk Scores,Valid
RAL03,2.1326237246814945,5,3.3215538430734401,2.7410596131246456,3.4254611504020982,0.19558518941653452,,,Flex Asset EOL and Site Risk Evaluation Tool Ver 3.0 3.6.25.xlsx,Output- Site Risk Scores,23,Transpose Actual Adj -> Output- Site Risk Scores,Valid
LAS05,2.1195962933782124,6,3.1283423188843278,0,6.25,1.7128815607261667,,,Flex Asset EOL and Site Risk Evaluation Tool Ver 3.0 3.6.25.xlsx,Output- Site Risk Scores,24,Transpose Actual Adj -> Output- Site Risk Scores,Valid
SLC07,2.0521684342579332,5,2.7344839863128612,1.8854252800636508,4.7414655716989182,1.8821133578321561,,,Flex Asset EOL and Site Risk Evaluation Tool Ver 3.0 3.6.25.xlsx,Output- Site Risk Scores,25,Transpose Actual Adj -> Output- Site Risk Scores,Valid
DAL02,2.0377824535724085,5,5.5555555555555554,1.9455252918287937,4.0697674418604652,0.88105726872246704,,,Flex Asset EOL and Site Risk Evaluation Tool Ver 3.0 3.6.25.xlsx,Output- Site Risk Scores,26,Transpose Actual Adj -> Output- Site Risk Scores,Valid
LAS03,2.0131595944423184,7,2.1571975674733395,1.9455252918287937,6.2247086897050536,1.7037272554203065,,,Flex Asset EOL and Site Risk Evaluation Tool Ver 3.0 3.6.25.xlsx,Output- Site Risk Scores,27,Transpose Actual Adj -> Output- Site Risk Scores,Valid
RAL02,2.0201358856907352,5,3.3329076978662,1.7952359231960289,3.4196804018427969,0.18904628604303617,,,Flex Asset EOL and Site Risk Evaluation Tool Ver 3.0 3.6.25.xlsx,Output- Site Risk Scores,28,Transpose Actual Adj -> Output- Site Risk Scores,Valid
DAL03,1.9690058271874056,6,4.0406681649919625,0,4.0697674418604652,0.38546255506607929,,,Flex Asset EOL and Site Risk Evaluation Tool Ver 3.0 3.6.25.xlsx,Output- Site Risk Scores,29,Transpose Actual Adj -> Output- Site Risk Scores,Valid
LAS04,1.9474590816617567,8,0.54117331895881982,1.9455252918287937,2.6873746101814282,3.2070310383393297,,,Flex Asset EOL and Site Risk Evaluation Tool Ver 3.0 3.6.25.xlsx,Output- Site Risk Scores,30,Transpose Actual Adj -> Output- Site Risk Scores,Valid
RAL01,1.9439228727385871,5,3.371491841957885,1.7607878568072508,3.4196804018427969,0,,,Flex Asset EOL and Site Risk Evaluation Tool Ver 3.0 3.6.25.xlsx,Output- Site Risk Scores,31,Transpose Actual Adj -> Output- Site Risk Scores,Valid
CLT04,1.9130288009771723,6,3.2383534722672125,1.7643750947978507,0.26370911438622069,2.2224388591698299,,,Flex Asset EOL and Site Risk Evaluation Tool Ver 3.0 3.6.25.xlsx,Output- Site Risk Scores,32,Transpose Actual Adj -> Output- Site Risk Scores,Valid
NAS04,1.8724242020552784,4,4.8219523893929654,1.8484571534716912,4.0697674418604652,0.8618253765523759,,,Flex Asset EOL and Site Risk Evaluation Tool Ver 3.0 3.6.25.xlsx,Output- Site Risk Scores,33,Transpose Actual Adj -> Output- Site Risk Scores,Valid
SLC04.01,1.8582227034431931,4,2.8395152198148264,0,6.0456589870003716,1.6093926225392321,,,Flex Asset EOL and Site Risk Evaluation Tool Ver 3.0 3.6.25.xlsx,Output- Site Risk Scores,34,Transpose Actual Adj -> Output- Site Risk Scores,Valid
CLT03,1.8188686431284551,5,2.7003120879760956,1.9430933156787877,2.0758625265491935,2.3655010344054239,,,Flex Asset EOL and Site Risk Evaluation Tool Ver 3.0 3.6.25.xlsx,Output- Site Risk Scores,35,Transpose Actual Adj -> Output- Site Risk Scores,Valid
NAS03,1.7398117671861022,5,1.6805156747706607,1.9439586909447681,2.0348837209302326,1.871138170629971,,,Flex Asset EOL and Site Risk Evaluation Tool Ver 3.0 3.6.25.xlsx,Output- Site Risk Scores,36,Transpose Actual Adj -> Output- Site Risk Scores,Valid
CLT02,1.7282004951863805,4,2.6142753738101976,1.6863996596849904,2.1168413321681543,1.7205966425639878,,,Flex Asset EOL and Site Risk Evaluation Tool Ver 3.0 3.6.25.xlsx,Output- Site Risk Scores,37,Transpose Actual Adj -> Output- Site Risk Scores,Valid
ATL01,1.6708044210719235,4,3.5296002212052531,0,4.922569473860702,0.95827907304667836,,,Flex Asset EOL and Site Risk Evaluation Tool Ver 3.0 3.6.25.xlsx,Output- Site Risk Scores,38,Transpose Actual Adj -> Output- Site Risk Scores,Valid
JAX01,1.6573141410216616,4,3.1941733502136942,0,3.6337209302325584,1.4849314636835098,,,Flex Asset EOL and Site Risk Evaluation Tool Ver 3.0 3.6.25.xlsx,Output- Site Risk Scores,39,Transpose Actual Adj -> Output- Site Risk Scores,Valid
FLL01,1.6495978270284062,5,2.4861731699403489,0,3.6337209302325584,0,,,Flex Asset EOL and Site Risk Evaluation Tool Ver 3.0 3.6.25.xlsx,Output- Site Risk Scores,40,Transpose Actual Adj -> Output- Site Risk Scores,Valid
FLL02,1.6448349022298492,5,2.3488692574536367,0,3.6337209302325584,0,,,Flex Asset EOL and Site Risk Evaluation Tool Ver 3.0 3.6.25.xlsx,Output- Site Risk Scores,41,Transpose Actual Adj -> Output- Site Risk Scores,Valid
DEN02,1.6082902475994838,3,2.3210053137393105,0,2.7616279069767442,0.2312775330396476,,,Flex Asset EOL and Site Risk Evaluation Tool Ver 3.0 3.6.25.xlsx,Output- Site Risk Scores,42,Transpose Actual Adj -> Output- Site Risk Scores,Valid
SLC09,1.6075967482438096,3,2.7665192974681956,1.8791492715186124,1.0010090562459104,0.68832599118942739,,,Flex Asset EOL and Site Risk Evaluation Tool Ver 3.0 3.6.25.xlsx,Output- Site Risk Scores,43,Transpose Actual Adj -> Output- Site Risk Scores,Valid
TPA04,1.5556005586060913,5,2.6524348559720146,1.9455252918287937,5.4998685643878549,0,,,Flex Asset EOL and Site Risk Evaluation Tool Ver 3.0 3.6.25.xlsx,Output- Site Risk Scores,44,Transpose Actual Adj -> Output- Site Risk Scores,Valid
TPA02,1.5095170004404956,5,2.3660544904030516,1.9455252918287937,5.5232558139534884,0,,,Flex Asset EOL and Site Risk Evaluation Tool Ver 3.0 3.6.25.xlsx,Output- Site Risk Scores,45,Transpose Actual Adj -> Output- Site Risk Scores,Valid
TPA03,1.4500223826111112,5,2.1731998591725947,1.7209145912108887,5.4965810094248795,0,,,Flex Asset EOL and Site Risk Evaluation Tool Ver 3.0 3.6.25.xlsx,Output- Site Risk Scores,46,Transpose Actual Adj -> Output- Site Risk Scores,Valid
LOU02,1.4406206279734044,2,3.3013990871922361,1.7537091032936414,2.1802325581395348,0.71634325314700165,,,Flex Asset EOL and Site Risk Evaluation Tool Ver 3.0 3.6.25.xlsx,Output- Site Risk Scores,47,Transpose Actual Adj -> Output- Site Risk Scores,Valid
SLC04.03,1.4194062177569735,3,1.303873873916205,0,4.192454465587871,1.5447236900543484,,,Flex Asset EOL and Site Risk Evaluation Tool Ver 3.0 3.6.25.xlsx,Output- Site Risk Scores,48,Transpose Actual Adj -> Output- Site Risk Scores,Valid
TPA01,1.4022819654850007,4,2.7282134998685925,1.8066681708380805,3.6097197864378843,0,,,Flex Asset EOL and Site Risk Evaluation Tool Ver 3.0 3.6.25.xlsx,Output- Site Risk Scores,49,Transpose Actual Adj -> Output- Site Risk Scores,Valid
LOU04,1.3900678553725569,2,3.4388577272365595,1.8520527766938624,2.1802325581395348,0.49559471365638769,,,Flex Asset EOL and Site Risk Evaluation Tool Ver 3.0 3.6.25.xlsx,Output- Site Risk Scores,50,Transpose Actual Adj -> Output- Site Risk Scores,Valid
SLC03,1.3322409467059528,1,3.5984067521323686,1.9455252918287937,2.1173423015163926,0,,,Flex Asset EOL and Site Risk Evaluation Tool Ver 3.0 3.6.25.xlsx,Output- Site Risk Scores,51,Transpose Actual Adj -> Output- Site Risk Scores,Valid
CIN01,1.3700285800480425,3,2.2664547682734781,1.680340206836203,3.6337209302325584,0.68544640084325381,,,Flex Asset EOL and Site Risk Evaluation Tool Ver 3.0 3.6.25.xlsx,Output- Site Risk Scores,52,Transpose Actual Adj -> Output- Site Risk Scores,Valid
CIN02,1.3075005588105149,3,1.8804334075713123,1.7243448335779972,3.6337209302325584,0.68980566975891944,,,Flex Asset EOL and Site Risk Evaluation Tool Ver 3.0 3.6.25.xlsx,Output- Site Risk Scores,53,Transpose Actual Adj -> Output- Site Risk Scores,Valid
DAL05,1.2652660157215174,3,2.658216304700197,0,5.2325581395348841,0,,,Flex Asset EOL and Site Risk Evaluation Tool Ver 3.0 3.6.25.xlsx,Output- Site Risk Scores,54,Transpose Actual Adj -> Output- Site Risk Scores,Valid
MSP01,1.1738533415331569,5,0.49026290508190307,0,8.5950752501758404E-2,0.9361233480176212,,,Flex Asset EOL and Site Risk Evaluation Tool Ver 3.0 3.6.25.xlsx,Output- Site Risk Scores,55,Transpose Actual Adj -> Output- Site Risk Scores,Valid
NAS05,1.1226732462602549,2,3.2301580481617038,0,1.308139534883721,0,,,Flex Asset EOL and Site Risk Evaluation Tool Ver 3.0 3.6.25.xlsx,Output- Site Risk Scores,56,Transpose Actual Adj -> Output- Site Risk Scores,Valid
PDX01.01,1.043989070128081,2,3.2494498469340112,0,2.6162790697674421,0,,,Flex Asset EOL and Site Risk Evaluation Tool Ver 3.0 3.6.25.xlsx,Output- Site Risk Scores,57,Transpose Actual Adj -> Output- Site Risk Scores,Valid
PDX01.02,1.0977952611837891,2,3.4722222222222223,0,2.6162790697674421,0,,,Flex Asset EOL and Site Risk Evaluation Tool Ver 3.0 3.6.25.xlsx,Output- Site Risk Scores,58,Transpose Actual Adj -> Output- Site Risk Scores,Valid
DAL04,1.04126021446899,2,3.3281694595758715,0,2.6162790697674421,0.19308414230083959,,,Flex Asset EOL and Site Risk Evaluation Tool Ver 3.0 3.6.25.xlsx,Output- Site Risk Scores,59,Transpose Actual Adj -> Output- Site Risk Scores,Valid
LOU05,1.0322433655581971,4,0.91279629454639577,3.653473388559827,0.8089599935276317,0.49559471365638769,,,Flex Asset EOL and Site Risk Evaluation Tool Ver 3.0 3.6.25.xlsx,Output- Site Risk Scores,60,Transpose Actual Adj -> Output- Site Risk Scores,Valid
DEN05.01,1.0231769698520663,1,3.1508096521473372,0.43774319066147865,1.4534883720930234,0,,,Flex Asset EOL and Site Risk Evaluation Tool Ver 3.0 3.6.25.xlsx,Output- Site Risk Scores,61,Transpose Actual Adj -> Output- Site Risk Scores,Valid
LOU03,1.0120398254193184,2,1.8805480326178292,1.6783678484175395,1.0174418604651163,0.49559471365638769,,,Flex Asset EOL and Site Risk Evaluation Tool Ver 3.0 3.6.25.xlsx,Output- Site Risk Scores,62,Transpose Actual Adj -> Output- Site Risk Scores,Valid
RCH01,0.98837629349620104,2,1.0394055867571248,0,2.321381590251689,0,,,Flex Asset EOL and Site Risk Evaluation Tool Ver 3.0 3.6.25.xlsx,Output- Site Risk Scores,63,Transpose Actual Adj -> Output- Site Risk Scores,Valid
PDX02,0.97310581990523448,4,0.13948123086781386,1.745433534084901,0.7267441860465117,1.0483691497926397,,,Flex Asset EOL and Site Risk Evaluation Tool Ver 3.0 3.6.25.xlsx,Output- Site Risk Scores,64,Transpose Actual Adj -> Output- Site Risk Scores,Valid
DEN05.02,0.96952729753250999,1,3.1099460496265929,0,1.4534883720930234,0,,,Flex Asset EOL and Site Risk Evaluation Tool Ver 3.0 3.6.25.xlsx,Output- Site Risk Scores,65,Transpose Actual Adj -> Output- Site Risk Scores,Valid
PHX01,0.87385844869156148,2,0.33337596310148188,0,0.29069767441860467,0,,,Flex Asset EOL and Site Risk Evaluation Tool Ver 3.0 3.6.25.xlsx,Output- Site Risk Scores,66,Transpose Actual Adj -> Output- Site Risk Scores,Valid
RIC02,0.85071122294541224,1,1.9370135433423901,0.43774319066147865,3.4883720930232558,0.49559471365638769,,,Flex Asset EOL and Site Risk Evaluation Tool Ver 3.0 3.6.25.xlsx,Output- Site Risk Scores,67,Transpose Actual Adj -> Output- Site Risk Scores,Valid
ATL03,0.83198159726832921,3,0.5564927906685605,0,8.4577398682907673E-2,0,,,Flex Asset EOL and Site Risk Evaluation Tool Ver 3.0 3.6.25.xlsx,Output- Site Risk Scores,68,Transpose Actual Adj -> Output- Site Risk Scores,Valid
SLC04.02,0.8300864664185621,0,1.6644959265877477,0,0.9915326907252654,0.57587831719427496,,,Flex Asset EOL and Site Risk Evaluation Tool Ver 3.0 3.6.25.xlsx,Output- Site Risk Scores,69,Transpose Actual Adj -> Output- Site Risk Scores,Valid
DFW01,0.76684381558635839,3,0.5182823599575852,0,0,0.49559471365638769,,,Flex Asset EOL and Site Risk Evaluation Tool Ver 3.0 3.6.25.xlsx,Output- Site Risk Scores,70,Transpose Actual Adj -> Output- Site Risk Scores,Valid
RIC01,0.76060106526073701,1,1.3897945802028429,0.43774319066147865,3.4883720930232558,0.49559471365638769,,,Flex Asset EOL and Site Risk Evaluation Tool Ver 3.0 3.6.25.xlsx,Output- Site Risk Scores,71,Transpose Actual Adj -> Output- Site Risk Scores,Valid
NAS06,0.66774983619922612,2,0.82395774410560141,0,1.308139534883721,0,,,Flex Asset EOL and Site Risk Evaluation Tool Ver 3.0 3.6.25.xlsx,Output- Site Risk Scores,72,Transpose Actual Adj -> Output- Site Risk Scores,Valid
PDX04,0.55743752453196083,2,0.27712126890260913,0,0.79777245872168456,0.5304949299853563,,,Flex Asset EOL and Site Risk Evaluation Tool Ver 3.0 3.6.25.xlsx,Output- Site Risk Scores,73,Transpose Actual Adj -> Output- Site Risk Scores,Valid
ATL05,0.52886287019348344,2,0.1736111111111111,1.8572740391081897,6.8564497212002903E-2,0.47311397053493864,,,Flex Asset EOL and Site Risk Evaluation Tool Ver 3.0 3.6.25.xlsx,Output- Site Risk Scores,74,Transpose Actual Adj -> Output- Site Risk Scores,Valid
DEN03,0.32705150489433721,1,0.58333333333333337,1.9455252918287937,0,0,,,Flex Asset EOL and Site Risk Evaluation Tool Ver 3.0 3.6.25.xlsx,Output- Site Risk Scores,75,Transpose Actual Adj -> Output- Site Risk Scores,Valid
DEN11,0.31863069162780483,1,4.1666666666666664E-2,0,0.7267441860465117,0,,,Flex Asset EOL and Site Risk Evaluation Tool Ver 3.0 3.6.25.xlsx,Output- Site Risk Scores,76,Transpose Actual Adj -> Output- Site Risk Scores,Valid
CLT05,0.29927498030286659,1,0.30097648558351381,0,0.26699666934919769,0,,,Flex Asset EOL and Site Risk Evaluation Tool Ver 3.0 3.6.25.xlsx,Output- Site Risk Scores,77,Transpose Actual Adj -> Output- Site Risk Scores,Valid
PHL01,0.29140507964008533,1,0.19719719126259058,0.25319266067195045,2.6826139210058333,3.8104281992210838E-2,,,Flex Asset EOL and Site Risk Evaluation Tool Ver 3.0 3.6.25.xlsx,Output- Site Risk Scores,78,Transpose Actual Adj -> Output- Site Risk Scores,Valid
ATL04,0.28562678923125961,1,0.51803197661963174,0,8.5399287423651923E-2,0,,,Flex Asset EOL and Site Risk Evaluation Tool Ver 3.0 3.6.25.xlsx,Output- Site Risk Scores,79,Transpose Actual Adj -> Output- Site Risk Scores,Valid
PDX03,0.27374269768170656,1,0.37552999967736012,0,2.6934039871389377,0,,,Flex Asset EOL and Site Risk Evaluation Tool Ver 3.0 3.6.25.xlsx,Output- Site Risk Scores,80,Transpose Actual Adj -> Output- Site Risk Scores,Valid
